path,genre
D:\Important\TUKE\3\bc\ast\data\gtzan_wav\genres\hiphop\hiphop.00000.wav,hiphop
D:\Important\TUKE\3\bc\ast\data\gtzan_wav\genres\classical\classical.00061.wav,classical
D:\Important\TUKE\3\bc\ast\data\gtzan_wav\genres\pop\pop.00073.wav,pop
D:\Important\TUKE\3\bc\ast\data\gtzan_wav\genres\blues\blues.00046.wav,blues
D:\Important\TUKE\3\bc\ast\data\gtzan_wav\genres\jazz\jazz.00075.wav,jazz
D:\Important\TUKE\3\bc\ast\data\gtzan_wav\genres\reggae\reggae.00086.wav,reggae
D:\Important\TUKE\3\bc\ast\data\gtzan_wav\genres\hiphop\hiphop.00037.wav,hiphop
D:\Important\TUKE\3\bc\ast\data\gtzan_wav\genres\country\country.00086.wav,country
D:\Important\TUKE\3\bc\ast\data\gtzan_wav\genres\blues\blues.00042.wav,blues
D:\Important\TUKE\3\bc\ast\data\gtzan_wav\genres\rock\rock.00097.wav,rock
D:\Important\TUKE\3\bc\ast\data\gtzan_wav\genres\country\country.00037.wav,country
D:\Important\TUKE\3\bc\ast\data\gtzan_wav\genres\country\country.00014.wav,country
D:\Important\TUKE\3\bc\ast\data\gtzan_wav\genres\jazz\jazz.00040.wav,jazz
D:\Important\TUKE\3\bc\ast\data\gtzan_wav\genres\hiphop\hiphop.00085.wav,hiphop
D:\Important\TUKE\3\bc\ast\data\gtzan_wav\genres\reggae\reggae.00080.wav,reggae
D:\Important\TUKE\3\bc\ast\data\gtzan_wav\genres\disco\disco.00033.wav,disco
D:\Important\TUKE\3\bc\ast\data\gtzan_wav\genres\reggae\reggae.00049.wav,reggae
D:\Important\TUKE\3\bc\ast\data\gtzan_wav\genres\pop\pop.00046.wav,pop
D:\Important\TUKE\3\bc\ast\data\gtzan_wav\genres\blues\blues.00087.wav,blues
D:\Important\TUKE\3\bc\ast\data\gtzan_wav\genres\classical\classical.00038.wav,classical
D:\Important\TUKE\3\bc\ast\data\gtzan_wav\genres\disco\disco.00063.wav,disco
D:\Important\TUKE\3\bc\ast\data\gtzan_wav\genres\pop\pop.00023.wav,pop
D:\Important\TUKE\3\bc\ast\data\gtzan_wav\genres\reggae\reggae.00010.wav,reggae
D:\Important\TUKE\3\bc\ast\data\gtzan_wav\genres\reggae\reggae.00042.wav,reggae
D:\Important\TUKE\3\bc\ast\data\gtzan_wav\genres\disco\disco.00034.wav,disco
D:\Important\TUKE\3\bc\ast\data\gtzan_wav\genres\country\country.00078.wav,country
D:\Important\TUKE\3\bc\ast\data\gtzan_wav\genres\classical\classical.00066.wav,classical
D:\Important\TUKE\3\bc\ast\data\gtzan_wav\genres\rock\rock.00071.wav,rock
D:\Important\TUKE\3\bc\ast\data\gtzan_wav\genres\hiphop\hiphop.00008.wav,hiphop
D:\Important\TUKE\3\bc\ast\data\gtzan_wav\genres\reggae\reggae.00048.wav,reggae
D:\Important\TUKE\3\bc\ast\data\gtzan_wav\genres\jazz\jazz.00076.wav,jazz
D:\Important\TUKE\3\bc\ast\data\gtzan_wav\genres\classical\classical.00010.wav,classical
D:\Important\TUKE\3\bc\ast\data\gtzan_wav\genres\pop\pop.00022.wav,pop
D:\Important\TUKE\3\bc\ast\data\gtzan_wav\genres\disco\disco.00022.wav,disco
D:\Important\TUKE\3\bc\ast\data\gtzan_wav\genres\reggae\reggae.00072.wav,reggae
D:\Important\TUKE\3\bc\ast\data\gtzan_wav\genres\classical\classical.00064.wav,classical
D:\Important\TUKE\3\bc\ast\data\gtzan_wav\genres\disco\disco.00085.wav,disco
D:\Important\TUKE\3\bc\ast\data\gtzan_wav\genres\blues\blues.00067.wav,blues
D:\Important\TUKE\3\bc\ast\data\gtzan_wav\genres\hiphop\hiphop.00089.wav,hiphop
D:\Important\TUKE\3\bc\ast\data\gtzan_wav\genres\blues\blues.00096.wav,blues
D:\Important\TUKE\3\bc\ast\data\gtzan_wav\genres\blues\blues.00020.wav,blues
D:\Important\TUKE\3\bc\ast\data\gtzan_wav\genres\country\country.00058.wav,country
D:\Important\TUKE\3\bc\ast\data\gtzan_wav\genres\disco\disco.00035.wav,disco
D:\Important\TUKE\3\bc\ast\data\gtzan_wav\genres\metal\metal.00073.wav,metal
D:\Important\TUKE\3\bc\ast\data\gtzan_wav\genres\metal\metal.00008.wav,metal
D:\Important\TUKE\3\bc\ast\data\gtzan_wav\genres\country\country.00005.wav,country
D:\Important\TUKE\3\bc\ast\data\gtzan_wav\genres\jazz\jazz.00018.wav,jazz
D:\Important\TUKE\3\bc\ast\data\gtzan_wav\genres\classical\classical.00075.wav,classical
D:\Important\TUKE\3\bc\ast\data\gtzan_wav\genres\classical\classical.00076.wav,classical
D:\Important\TUKE\3\bc\ast\data\gtzan_wav\genres\blues\blues.00021.wav,blues
D:\Important\TUKE\3\bc\ast\data\gtzan_wav\genres\country\country.00085.wav,country
D:\Important\TUKE\3\bc\ast\data\gtzan_wav\genres\pop\pop.00007.wav,pop
D:\Important\TUKE\3\bc\ast\data\gtzan_wav\genres\pop\pop.00041.wav,pop
D:\Important\TUKE\3\bc\ast\data\gtzan_wav\genres\blues\blues.00090.wav,blues
D:\Important\TUKE\3\bc\ast\data\gtzan_wav\genres\classical\classical.00044.wav,classical
D:\Important\TUKE\3\bc\ast\data\gtzan_wav\genres\rock\rock.00042.wav,rock
D:\Important\TUKE\3\bc\ast\data\gtzan_wav\genres\disco\disco.00042.wav,disco
D:\Important\TUKE\3\bc\ast\data\gtzan_wav\genres\hiphop\hiphop.00051.wav,hiphop
D:\Important\TUKE\3\bc\ast\data\gtzan_wav\genres\reggae\reggae.00043.wav,reggae
D:\Important\TUKE\3\bc\ast\data\gtzan_wav\genres\classical\classical.00025.wav,classical
D:\Important\TUKE\3\bc\ast\data\gtzan_wav\genres\classical\classical.00069.wav,classical
D:\Important\TUKE\3\bc\ast\data\gtzan_wav\genres\classical\classical.00086.wav,classical
D:\Important\TUKE\3\bc\ast\data\gtzan_wav\genres\blues\blues.00005.wav,blues
D:\Important\TUKE\3\bc\ast\data\gtzan_wav\genres\classical\classical.00087.wav,classical
D:\Important\TUKE\3\bc\ast\data\gtzan_wav\genres\reggae\reggae.00068.wav,reggae
D:\Important\TUKE\3\bc\ast\data\gtzan_wav\genres\rock\rock.00082.wav,rock
D:\Important\TUKE\3\bc\ast\data\gtzan_wav\genres\country\country.00024.wav,country
D:\Important\TUKE\3\bc\ast\data\gtzan_wav\genres\pop\pop.00024.wav,pop
D:\Important\TUKE\3\bc\ast\data\gtzan_wav\genres\jazz\jazz.00033.wav,jazz
D:\Important\TUKE\3\bc\ast\data\gtzan_wav\genres\reggae\reggae.00077.wav,reggae
D:\Important\TUKE\3\bc\ast\data\gtzan_wav\genres\rock\rock.00068.wav,rock
D:\Important\TUKE\3\bc\ast\data\gtzan_wav\genres\classical\classical.00026.wav,classical
D:\Important\TUKE\3\bc\ast\data\gtzan_wav\genres\rock\rock.00040.wav,rock
D:\Important\TUKE\3\bc\ast\data\gtzan_wav\genres\blues\blues.00055.wav,blues
D:\Important\TUKE\3\bc\ast\data\gtzan_wav\genres\country\country.00068.wav,country
D:\Important\TUKE\3\bc\ast\data\gtzan_wav\genres\pop\pop.00043.wav,pop
D:\Important\TUKE\3\bc\ast\data\gtzan_wav\genres\blues\blues.00039.wav,blues
D:\Important\TUKE\3\bc\ast\data\gtzan_wav\genres\blues\blues.00001.wav,blues
D:\Important\TUKE\3\bc\ast\data\gtzan_wav\genres\pop\pop.00055.wav,pop
D:\Important\TUKE\3\bc\ast\data\gtzan_wav\genres\rock\rock.00049.wav,rock
D:\Important\TUKE\3\bc\ast\data\gtzan_wav\genres\disco\disco.00069.wav,disco
D:\Important\TUKE\3\bc\ast\data\gtzan_wav\genres\pop\pop.00029.wav,pop
D:\Important\TUKE\3\bc\ast\data\gtzan_wav\genres\reggae\reggae.00056.wav,reggae
D:\Important\TUKE\3\bc\ast\data\gtzan_wav\genres\metal\metal.00043.wav,metal
D:\Important\TUKE\3\bc\ast\data\gtzan_wav\genres\disco\disco.00071.wav,disco
D:\Important\TUKE\3\bc\ast\data\gtzan_wav\genres\country\country.00053.wav,country
D:\Important\TUKE\3\bc\ast\data\gtzan_wav\genres\classical\classical.00016.wav,classical
D:\Important\TUKE\3\bc\ast\data\gtzan_wav\genres\pop\pop.00089.wav,pop
D:\Important\TUKE\3\bc\ast\data\gtzan_wav\genres\rock\rock.00004.wav,rock
D:\Important\TUKE\3\bc\ast\data\gtzan_wav\genres\classical\classical.00030.wav,classical
D:\Important\TUKE\3\bc\ast\data\gtzan_wav\genres\country\country.00073.wav,country
D:\Important\TUKE\3\bc\ast\data\gtzan_wav\genres\classical\classical.00078.wav,classical
D:\Important\TUKE\3\bc\ast\data\gtzan_wav\genres\reggae\reggae.00018.wav,reggae
D:\Important\TUKE\3\bc\ast\data\gtzan_wav\genres\jazz\jazz.00098.wav,jazz
D:\Important\TUKE\3\bc\ast\data\gtzan_wav\genres\rock\rock.00019.wav,rock
D:\Important\TUKE\3\bc\ast\data\gtzan_wav\genres\reggae\reggae.00027.wav,reggae
D:\Important\TUKE\3\bc\ast\data\gtzan_wav\genres\classical\classical.00084.wav,classical
D:\Important\TUKE\3\bc\ast\data\gtzan_wav\genres\jazz\jazz.00011.wav,jazz
D:\Important\TUKE\3\bc\ast\data\gtzan_wav\genres\classical\classical.00067.wav,classical
D:\Important\TUKE\3\bc\ast\data\gtzan_wav\genres\country\country.00067.wav,country
D:\Important\TUKE\3\bc\ast\data\gtzan_wav\genres\hiphop\hiphop.00017.wav,hiphop
D:\Important\TUKE\3\bc\ast\data\gtzan_wav\genres\pop\pop.00031.wav,pop
D:\Important\TUKE\3\bc\ast\data\gtzan_wav\genres\jazz\jazz.00054.wav,jazz
D:\Important\TUKE\3\bc\ast\data\gtzan_wav\genres\rock\rock.00035.wav,rock
D:\Important\TUKE\3\bc\ast\data\gtzan_wav\genres\hiphop\hiphop.00024.wav,hiphop
D:\Important\TUKE\3\bc\ast\data\gtzan_wav\genres\country\country.00034.wav,country
D:\Important\TUKE\3\bc\ast\data\gtzan_wav\genres\jazz\jazz.00090.wav,jazz
D:\Important\TUKE\3\bc\ast\data\gtzan_wav\genres\metal\metal.00065.wav,metal
D:\Important\TUKE\3\bc\ast\data\gtzan_wav\genres\blues\blues.00080.wav,blues
D:\Important\TUKE\3\bc\ast\data\gtzan_wav\genres\country\country.00065.wav,country
D:\Important\TUKE\3\bc\ast\data\gtzan_wav\genres\reggae\reggae.00085.wav,reggae
D:\Important\TUKE\3\bc\ast\data\gtzan_wav\genres\country\country.00011.wav,country
D:\Important\TUKE\3\bc\ast\data\gtzan_wav\genres\reggae\reggae.00052.wav,reggae
D:\Important\TUKE\3\bc\ast\data\gtzan_wav\genres\country\country.00042.wav,country
D:\Important\TUKE\3\bc\ast\data\gtzan_wav\genres\pop\pop.00066.wav,pop
D:\Important\TUKE\3\bc\ast\data\gtzan_wav\genres\country\country.00064.wav,country
D:\Important\TUKE\3\bc\ast\data\gtzan_wav\genres\pop\pop.00026.wav,pop
D:\Important\TUKE\3\bc\ast\data\gtzan_wav\genres\country\country.00083.wav,country
D:\Important\TUKE\3\bc\ast\data\gtzan_wav\genres\blues\blues.00062.wav,blues
D:\Important\TUKE\3\bc\ast\data\gtzan_wav\genres\pop\pop.00086.wav,pop
D:\Important\TUKE\3\bc\ast\data\gtzan_wav\genres\metal\metal.00054.wav,metal
D:\Important\TUKE\3\bc\ast\data\gtzan_wav\genres\reggae\reggae.00059.wav,reggae
D:\Important\TUKE\3\bc\ast\data\gtzan_wav\genres\disco\disco.00049.wav,disco
D:\Important\TUKE\3\bc\ast\data\gtzan_wav\genres\disco\disco.00012.wav,disco
D:\Important\TUKE\3\bc\ast\data\gtzan_wav\genres\disco\disco.00093.wav,disco
D:\Important\TUKE\3\bc\ast\data\gtzan_wav\genres\country\country.00095.wav,country
D:\Important\TUKE\3\bc\ast\data\gtzan_wav\genres\disco\disco.00045.wav,disco
D:\Important\TUKE\3\bc\ast\data\gtzan_wav\genres\reggae\reggae.00078.wav,reggae
D:\Important\TUKE\3\bc\ast\data\gtzan_wav\genres\jazz\jazz.00010.wav,jazz
D:\Important\TUKE\3\bc\ast\data\gtzan_wav\genres\classical\classical.00042.wav,classical
D:\Important\TUKE\3\bc\ast\data\gtzan_wav\genres\metal\metal.00077.wav,metal
D:\Important\TUKE\3\bc\ast\data\gtzan_wav\genres\pop\pop.00052.wav,pop
D:\Important\TUKE\3\bc\ast\data\gtzan_wav\genres\jazz\jazz.00008.wav,jazz
D:\Important\TUKE\3\bc\ast\data\gtzan_wav\genres\rock\rock.00087.wav,rock
D:\Important\TUKE\3\bc\ast\data\gtzan_wav\genres\disco\disco.00058.wav,disco
D:\Important\TUKE\3\bc\ast\data\gtzan_wav\genres\reggae\reggae.00046.wav,reggae
D:\Important\TUKE\3\bc\ast\data\gtzan_wav\genres\reggae\reggae.00092.wav,reggae
D:\Important\TUKE\3\bc\ast\data\gtzan_wav\genres\hiphop\hiphop.00035.wav,hiphop
D:\Important\TUKE\3\bc\ast\data\gtzan_wav\genres\jazz\jazz.00063.wav,jazz
D:\Important\TUKE\3\bc\ast\data\gtzan_wav\genres\reggae\reggae.00004.wav,reggae
D:\Important\TUKE\3\bc\ast\data\gtzan_wav\genres\metal\metal.00099.wav,metal
D:\Important\TUKE\3\bc\ast\data\gtzan_wav\genres\metal\metal.00071.wav,metal
D:\Important\TUKE\3\bc\ast\data\gtzan_wav\genres\pop\pop.00096.wav,pop
D:\Important\TUKE\3\bc\ast\data\gtzan_wav\genres\blues\blues.00092.wav,blues
D:\Important\TUKE\3\bc\ast\data\gtzan_wav\genres\classical\classical.00045.wav,classical
D:\Important\TUKE\3\bc\ast\data\gtzan_wav\genres\metal\metal.00001.wav,metal
D:\Important\TUKE\3\bc\ast\data\gtzan_wav\genres\country\country.00099.wav,country
D:\Important\TUKE\3\bc\ast\data\gtzan_wav\genres\reggae\reggae.00012.wav,reggae
D:\Important\TUKE\3\bc\ast\data\gtzan_wav\genres\disco\disco.00054.wav,disco
D:\Important\TUKE\3\bc\ast\data\gtzan_wav\genres\reggae\reggae.00087.wav,reggae
D:\Important\TUKE\3\bc\ast\data\gtzan_wav\genres\rock\rock.00023.wav,rock
D:\Important\TUKE\3\bc\ast\data\gtzan_wav\genres\metal\metal.00007.wav,metal
D:\Important\TUKE\3\bc\ast\data\gtzan_wav\genres\rock\rock.00061.wav,rock
D:\Important\TUKE\3\bc\ast\data\gtzan_wav\genres\metal\metal.00060.wav,metal
D:\Important\TUKE\3\bc\ast\data\gtzan_wav\genres\blues\blues.00066.wav,blues
D:\Important\TUKE\3\bc\ast\data\gtzan_wav\genres\metal\metal.00050.wav,metal
D:\Important\TUKE\3\bc\ast\data\gtzan_wav\genres\blues\blues.00012.wav,blues
D:\Important\TUKE\3\bc\ast\data\gtzan_wav\genres\hiphop\hiphop.00082.wav,hiphop
D:\Important\TUKE\3\bc\ast\data\gtzan_wav\genres\hiphop\hiphop.00072.wav,hiphop
D:\Important\TUKE\3\bc\ast\data\gtzan_wav\genres\metal\metal.00095.wav,metal
D:\Important\TUKE\3\bc\ast\data\gtzan_wav\genres\pop\pop.00010.wav,pop
D:\Important\TUKE\3\bc\ast\data\gtzan_wav\genres\hiphop\hiphop.00042.wav,hiphop
D:\Important\TUKE\3\bc\ast\data\gtzan_wav\genres\disco\disco.00047.wav,disco
D:\Important\TUKE\3\bc\ast\data\gtzan_wav\genres\blues\blues.00024.wav,blues
D:\Important\TUKE\3\bc\ast\data\gtzan_wav\genres\reggae\reggae.00040.wav,reggae
D:\Important\TUKE\3\bc\ast\data\gtzan_wav\genres\jazz\jazz.00068.wav,jazz
D:\Important\TUKE\3\bc\ast\data\gtzan_wav\genres\country\country.00010.wav,country
D:\Important\TUKE\3\bc\ast\data\gtzan_wav\genres\pop\pop.00078.wav,pop
D:\Important\TUKE\3\bc\ast\data\gtzan_wav\genres\hiphop\hiphop.00095.wav,hiphop
D:\Important\TUKE\3\bc\ast\data\gtzan_wav\genres\disco\disco.00089.wav,disco
D:\Important\TUKE\3\bc\ast\data\gtzan_wav\genres\jazz\jazz.00042.wav,jazz
D:\Important\TUKE\3\bc\ast\data\gtzan_wav\genres\country\country.00059.wav,country
D:\Important\TUKE\3\bc\ast\data\gtzan_wav\genres\rock\rock.00002.wav,rock
D:\Important\TUKE\3\bc\ast\data\gtzan_wav\genres\hiphop\hiphop.00027.wav,hiphop
D:\Important\TUKE\3\bc\ast\data\gtzan_wav\genres\metal\metal.00037.wav,metal
D:\Important\TUKE\3\bc\ast\data\gtzan_wav\genres\pop\pop.00056.wav,pop
D:\Important\TUKE\3\bc\ast\data\gtzan_wav\genres\classical\classical.00024.wav,classical
D:\Important\TUKE\3\bc\ast\data\gtzan_wav\genres\disco\disco.00066.wav,disco
D:\Important\TUKE\3\bc\ast\data\gtzan_wav\genres\classical\classical.00022.wav,classical
D:\Important\TUKE\3\bc\ast\data\gtzan_wav\genres\jazz\jazz.00094.wav,jazz
D:\Important\TUKE\3\bc\ast\data\gtzan_wav\genres\hiphop\hiphop.00010.wav,hiphop
D:\Important\TUKE\3\bc\ast\data\gtzan_wav\genres\blues\blues.00030.wav,blues
D:\Important\TUKE\3\bc\ast\data\gtzan_wav\genres\reggae\reggae.00014.wav,reggae
D:\Important\TUKE\3\bc\ast\data\gtzan_wav\genres\reggae\reggae.00021.wav,reggae
D:\Important\TUKE\3\bc\ast\data\gtzan_wav\genres\hiphop\hiphop.00086.wav,hiphop
D:\Important\TUKE\3\bc\ast\data\gtzan_wav\genres\hiphop\hiphop.00076.wav,hiphop
D:\Important\TUKE\3\bc\ast\data\gtzan_wav\genres\hiphop\hiphop.00097.wav,hiphop
D:\Important\TUKE\3\bc\ast\data\gtzan_wav\genres\blues\blues.00026.wav,blues
D:\Important\TUKE\3\bc\ast\data\gtzan_wav\genres\hiphop\hiphop.00087.wav,hiphop
D:\Important\TUKE\3\bc\ast\data\gtzan_wav\genres\jazz\jazz.00006.wav,jazz
D:\Important\TUKE\3\bc\ast\data\gtzan_wav\genres\disco\disco.00013.wav,disco
D:\Important\TUKE\3\bc\ast\data\gtzan_wav\genres\pop\pop.00082.wav,pop
D:\Important\TUKE\3\bc\ast\data\gtzan_wav\genres\country\country.00054.wav,country
D:\Important\TUKE\3\bc\ast\data\gtzan_wav\genres\pop\pop.00006.wav,pop
D:\Important\TUKE\3\bc\ast\data\gtzan_wav\genres\rock\rock.00021.wav,rock
D:\Important\TUKE\3\bc\ast\data\gtzan_wav\genres\country\country.00062.wav,country
D:\Important\TUKE\3\bc\ast\data\gtzan_wav\genres\blues\blues.00050.wav,blues
D:\Important\TUKE\3\bc\ast\data\gtzan_wav\genres\rock\rock.00013.wav,rock
D:\Important\TUKE\3\bc\ast\data\gtzan_wav\genres\reggae\reggae.00020.wav,reggae
D:\Important\TUKE\3\bc\ast\data\gtzan_wav\genres\rock\rock.00025.wav,rock
D:\Important\TUKE\3\bc\ast\data\gtzan_wav\genres\reggae\reggae.00058.wav,reggae
D:\Important\TUKE\3\bc\ast\data\gtzan_wav\genres\country\country.00019.wav,country
D:\Important\TUKE\3\bc\ast\data\gtzan_wav\genres\metal\metal.00079.wav,metal
D:\Important\TUKE\3\bc\ast\data\gtzan_wav\genres\classical\classical.00053.wav,classical
D:\Important\TUKE\3\bc\ast\data\gtzan_wav\genres\pop\pop.00088.wav,pop
D:\Important\TUKE\3\bc\ast\data\gtzan_wav\genres\pop\pop.00098.wav,pop
D:\Important\TUKE\3\bc\ast\data\gtzan_wav\genres\hiphop\hiphop.00023.wav,hiphop
D:\Important\TUKE\3\bc\ast\data\gtzan_wav\genres\pop\pop.00062.wav,pop
D:\Important\TUKE\3\bc\ast\data\gtzan_wav\genres\blues\blues.00037.wav,blues
D:\Important\TUKE\3\bc\ast\data\gtzan_wav\genres\metal\metal.00085.wav,metal
D:\Important\TUKE\3\bc\ast\data\gtzan_wav\genres\blues\blues.00065.wav,blues
D:\Important\TUKE\3\bc\ast\data\gtzan_wav\genres\metal\metal.00074.wav,metal
D:\Important\TUKE\3\bc\ast\data\gtzan_wav\genres\pop\pop.00065.wav,pop
D:\Important\TUKE\3\bc\ast\data\gtzan_wav\genres\rock\rock.00066.wav,rock
D:\Important\TUKE\3\bc\ast\data\gtzan_wav\genres\hiphop\hiphop.00078.wav,hiphop
D:\Important\TUKE\3\bc\ast\data\gtzan_wav\genres\blues\blues.00076.wav,blues
D:\Important\TUKE\3\bc\ast\data\gtzan_wav\genres\rock\rock.00081.wav,rock
D:\Important\TUKE\3\bc\ast\data\gtzan_wav\genres\country\country.00021.wav,country
D:\Important\TUKE\3\bc\ast\data\gtzan_wav\genres\country\country.00033.wav,country
D:\Important\TUKE\3\bc\ast\data\gtzan_wav\genres\country\country.00092.wav,country
D:\Important\TUKE\3\bc\ast\data\gtzan_wav\genres\metal\metal.00006.wav,metal
D:\Important\TUKE\3\bc\ast\data\gtzan_wav\genres\jazz\jazz.00073.wav,jazz
D:\Important\TUKE\3\bc\ast\data\gtzan_wav\genres\metal\metal.00033.wav,metal
D:\Important\TUKE\3\bc\ast\data\gtzan_wav\genres\rock\rock.00098.wav,rock
D:\Important\TUKE\3\bc\ast\data\gtzan_wav\genres\rock\rock.00055.wav,rock
D:\Important\TUKE\3\bc\ast\data\gtzan_wav\genres\metal\metal.00097.wav,metal
D:\Important\TUKE\3\bc\ast\data\gtzan_wav\genres\rock\rock.00041.wav,rock
D:\Important\TUKE\3\bc\ast\data\gtzan_wav\genres\reggae\reggae.00096.wav,reggae
D:\Important\TUKE\3\bc\ast\data\gtzan_wav\genres\pop\pop.00000.wav,pop
D:\Important\TUKE\3\bc\ast\data\gtzan_wav\genres\hiphop\hiphop.00041.wav,hiphop
D:\Important\TUKE\3\bc\ast\data\gtzan_wav\genres\classical\classical.00089.wav,classical
D:\Important\TUKE\3\bc\ast\data\gtzan_wav\genres\hiphop\hiphop.00053.wav,hiphop
D:\Important\TUKE\3\bc\ast\data\gtzan_wav\genres\rock\rock.00077.wav,rock
D:\Important\TUKE\3\bc\ast\data\gtzan_wav\genres\classical\classical.00013.wav,classical
D:\Important\TUKE\3\bc\ast\data\gtzan_wav\genres\jazz\jazz.00058.wav,jazz
D:\Important\TUKE\3\bc\ast\data\gtzan_wav\genres\blues\blues.00019.wav,blues
D:\Important\TUKE\3\bc\ast\data\gtzan_wav\genres\jazz\jazz.00088.wav,jazz
D:\Important\TUKE\3\bc\ast\data\gtzan_wav\genres\jazz\jazz.00007.wav,jazz
D:\Important\TUKE\3\bc\ast\data\gtzan_wav\genres\country\country.00017.wav,country
D:\Important\TUKE\3\bc\ast\data\gtzan_wav\genres\blues\blues.00016.wav,blues
D:\Important\TUKE\3\bc\ast\data\gtzan_wav\genres\reggae\reggae.00034.wav,reggae
D:\Important\TUKE\3\bc\ast\data\gtzan_wav\genres\rock\rock.00037.wav,rock
D:\Important\TUKE\3\bc\ast\data\gtzan_wav\genres\jazz\jazz.00002.wav,jazz
D:\Important\TUKE\3\bc\ast\data\gtzan_wav\genres\disco\disco.00000.wav,disco
D:\Important\TUKE\3\bc\ast\data\gtzan_wav\genres\classical\classical.00011.wav,classical
D:\Important\TUKE\3\bc\ast\data\gtzan_wav\genres\classical\classical.00094.wav,classical
D:\Important\TUKE\3\bc\ast\data\gtzan_wav\genres\pop\pop.00018.wav,pop
D:\Important\TUKE\3\bc\ast\data\gtzan_wav\genres\blues\blues.00010.wav,blues
D:\Important\TUKE\3\bc\ast\data\gtzan_wav\genres\hiphop\hiphop.00028.wav,hiphop
D:\Important\TUKE\3\bc\ast\data\gtzan_wav\genres\reggae\reggae.00000.wav,reggae
D:\Important\TUKE\3\bc\ast\data\gtzan_wav\genres\pop\pop.00095.wav,pop
D:\Important\TUKE\3\bc\ast\data\gtzan_wav\genres\reggae\reggae.00069.wav,reggae
D:\Important\TUKE\3\bc\ast\data\gtzan_wav\genres\classical\classical.00014.wav,classical
D:\Important\TUKE\3\bc\ast\data\gtzan_wav\genres\disco\disco.00014.wav,disco
D:\Important\TUKE\3\bc\ast\data\gtzan_wav\genres\disco\disco.00016.wav,disco
D:\Important\TUKE\3\bc\ast\data\gtzan_wav\genres\classical\classical.00048.wav,classical
D:\Important\TUKE\3\bc\ast\data\gtzan_wav\genres\reggae\reggae.00024.wav,reggae
D:\Important\TUKE\3\bc\ast\data\gtzan_wav\genres\hiphop\hiphop.00056.wav,hiphop
D:\Important\TUKE\3\bc\ast\data\gtzan_wav\genres\country\country.00087.wav,country
D:\Important\TUKE\3\bc\ast\data\gtzan_wav\genres\pop\pop.00053.wav,pop
D:\Important\TUKE\3\bc\ast\data\gtzan_wav\genres\hiphop\hiphop.00048.wav,hiphop
D:\Important\TUKE\3\bc\ast\data\gtzan_wav\genres\disco\disco.00043.wav,disco
D:\Important\TUKE\3\bc\ast\data\gtzan_wav\genres\hiphop\hiphop.00049.wav,hiphop
D:\Important\TUKE\3\bc\ast\data\gtzan_wav\genres\jazz\jazz.00046.wav,jazz
D:\Important\TUKE\3\bc\ast\data\gtzan_wav\genres\disco\disco.00025.wav,disco
D:\Important\TUKE\3\bc\ast\data\gtzan_wav\genres\country\country.00081.wav,country
D:\Important\TUKE\3\bc\ast\data\gtzan_wav\genres\metal\metal.00057.wav,metal
D:\Important\TUKE\3\bc\ast\data\gtzan_wav\genres\pop\pop.00063.wav,pop
D:\Important\TUKE\3\bc\ast\data\gtzan_wav\genres\hiphop\hiphop.00068.wav,hiphop
D:\Important\TUKE\3\bc\ast\data\gtzan_wav\genres\jazz\jazz.00056.wav,jazz
D:\Important\TUKE\3\bc\ast\data\gtzan_wav\genres\disco\disco.00073.wav,disco
D:\Important\TUKE\3\bc\ast\data\gtzan_wav\genres\disco\disco.00080.wav,disco
D:\Important\TUKE\3\bc\ast\data\gtzan_wav\genres\rock\rock.00058.wav,rock
D:\Important\TUKE\3\bc\ast\data\gtzan_wav\genres\jazz\jazz.00031.wav,jazz
D:\Important\TUKE\3\bc\ast\data\gtzan_wav\genres\pop\pop.00075.wav,pop
D:\Important\TUKE\3\bc\ast\data\gtzan_wav\genres\hiphop\hiphop.00062.wav,hiphop
D:\Important\TUKE\3\bc\ast\data\gtzan_wav\genres\reggae\reggae.00025.wav,reggae
D:\Important\TUKE\3\bc\ast\data\gtzan_wav\genres\pop\pop.00015.wav,pop
D:\Important\TUKE\3\bc\ast\data\gtzan_wav\genres\pop\pop.00080.wav,pop
D:\Important\TUKE\3\bc\ast\data\gtzan_wav\genres\hiphop\hiphop.00081.wav,hiphop
D:\Important\TUKE\3\bc\ast\data\gtzan_wav\genres\country\country.00003.wav,country
D:\Important\TUKE\3\bc\ast\data\gtzan_wav\genres\rock\rock.00003.wav,rock
D:\Important\TUKE\3\bc\ast\data\gtzan_wav\genres\hiphop\hiphop.00021.wav,hiphop
D:\Important\TUKE\3\bc\ast\data\gtzan_wav\genres\rock\rock.00050.wav,rock
D:\Important\TUKE\3\bc\ast\data\gtzan_wav\genres\metal\metal.00014.wav,metal
D:\Important\TUKE\3\bc\ast\data\gtzan_wav\genres\reggae\reggae.00008.wav,reggae
D:\Important\TUKE\3\bc\ast\data\gtzan_wav\genres\blues\blues.00057.wav,blues
D:\Important\TUKE\3\bc\ast\data\gtzan_wav\genres\metal\metal.00039.wav,metal
D:\Important\TUKE\3\bc\ast\data\gtzan_wav\genres\pop\pop.00091.wav,pop
D:\Important\TUKE\3\bc\ast\data\gtzan_wav\genres\blues\blues.00093.wav,blues
D:\Important\TUKE\3\bc\ast\data\gtzan_wav\genres\disco\disco.00062.wav,disco
D:\Important\TUKE\3\bc\ast\data\gtzan_wav\genres\blues\blues.00009.wav,blues
D:\Important\TUKE\3\bc\ast\data\gtzan_wav\genres\hiphop\hiphop.00029.wav,hiphop
D:\Important\TUKE\3\bc\ast\data\gtzan_wav\genres\metal\metal.00023.wav,metal
D:\Important\TUKE\3\bc\ast\data\gtzan_wav\genres\metal\metal.00005.wav,metal
D:\Important\TUKE\3\bc\ast\data\gtzan_wav\genres\rock\rock.00051.wav,rock
D:\Important\TUKE\3\bc\ast\data\gtzan_wav\genres\reggae\reggae.00005.wav,reggae
D:\Important\TUKE\3\bc\ast\data\gtzan_wav\genres\metal\metal.00061.wav,metal
D:\Important\TUKE\3\bc\ast\data\gtzan_wav\genres\classical\classical.00007.wav,classical
D:\Important\TUKE\3\bc\ast\data\gtzan_wav\genres\jazz\jazz.00025.wav,jazz
D:\Important\TUKE\3\bc\ast\data\gtzan_wav\genres\disco\disco.00052.wav,disco
D:\Important\TUKE\3\bc\ast\data\gtzan_wav\genres\rock\rock.00034.wav,rock
D:\Important\TUKE\3\bc\ast\data\gtzan_wav\genres\country\country.00061.wav,country
D:\Important\TUKE\3\bc\ast\data\gtzan_wav\genres\classical\classical.00012.wav,classical
D:\Important\TUKE\3\bc\ast\data\gtzan_wav\genres\pop\pop.00012.wav,pop
D:\Important\TUKE\3\bc\ast\data\gtzan_wav\genres\classical\classical.00062.wav,classical
D:\Important\TUKE\3\bc\ast\data\gtzan_wav\genres\hiphop\hiphop.00043.wav,hiphop
D:\Important\TUKE\3\bc\ast\data\gtzan_wav\genres\metal\metal.00011.wav,metal
D:\Important\TUKE\3\bc\ast\data\gtzan_wav\genres\reggae\reggae.00022.wav,reggae
D:\Important\TUKE\3\bc\ast\data\gtzan_wav\genres\pop\pop.00042.wav,pop
D:\Important\TUKE\3\bc\ast\data\gtzan_wav\genres\reggae\reggae.00093.wav,reggae
D:\Important\TUKE\3\bc\ast\data\gtzan_wav\genres\classical\classical.00009.wav,classical
D:\Important\TUKE\3\bc\ast\data\gtzan_wav\genres\pop\pop.00054.wav,pop
D:\Important\TUKE\3\bc\ast\data\gtzan_wav\genres\blues\blues.00077.wav,blues
D:\Important\TUKE\3\bc\ast\data\gtzan_wav\genres\jazz\jazz.00036.wav,jazz
D:\Important\TUKE\3\bc\ast\data\gtzan_wav\genres\disco\disco.00021.wav,disco
D:\Important\TUKE\3\bc\ast\data\gtzan_wav\genres\disco\disco.00039.wav,disco
D:\Important\TUKE\3\bc\ast\data\gtzan_wav\genres\blues\blues.00051.wav,blues
D:\Important\TUKE\3\bc\ast\data\gtzan_wav\genres\country\country.00051.wav,country
D:\Important\TUKE\3\bc\ast\data\gtzan_wav\genres\classical\classical.00051.wav,classical
D:\Important\TUKE\3\bc\ast\data\gtzan_wav\genres\disco\disco.00083.wav,disco
D:\Important\TUKE\3\bc\ast\data\gtzan_wav\genres\reggae\reggae.00089.wav,reggae
D:\Important\TUKE\3\bc\ast\data\gtzan_wav\genres\rock\rock.00018.wav,rock
D:\Important\TUKE\3\bc\ast\data\gtzan_wav\genres\country\country.00055.wav,country
D:\Important\TUKE\3\bc\ast\data\gtzan_wav\genres\country\country.00013.wav,country
D:\Important\TUKE\3\bc\ast\data\gtzan_wav\genres\country\country.00006.wav,country
D:\Important\TUKE\3\bc\ast\data\gtzan_wav\genres\rock\rock.00079.wav,rock
D:\Important\TUKE\3\bc\ast\data\gtzan_wav\genres\pop\pop.00057.wav,pop
D:\Important\TUKE\3\bc\ast\data\gtzan_wav\genres\metal\metal.00051.wav,metal
D:\Important\TUKE\3\bc\ast\data\gtzan_wav\genres\disco\disco.00084.wav,disco
D:\Important\TUKE\3\bc\ast\data\gtzan_wav\genres\jazz\jazz.00005.wav,jazz
D:\Important\TUKE\3\bc\ast\data\gtzan_wav\genres\blues\blues.00008.wav,blues
D:\Important\TUKE\3\bc\ast\data\gtzan_wav\genres\disco\disco.00081.wav,disco
D:\Important\TUKE\3\bc\ast\data\gtzan_wav\genres\jazz\jazz.00004.wav,jazz
D:\Important\TUKE\3\bc\ast\data\gtzan_wav\genres\country\country.00001.wav,country
D:\Important\TUKE\3\bc\ast\data\gtzan_wav\genres\blues\blues.00034.wav,blues
D:\Important\TUKE\3\bc\ast\data\gtzan_wav\genres\country\country.00072.wav,country
D:\Important\TUKE\3\bc\ast\data\gtzan_wav\genres\reggae\reggae.00090.wav,reggae
D:\Important\TUKE\3\bc\ast\data\gtzan_wav\genres\blues\blues.00040.wav,blues
D:\Important\TUKE\3\bc\ast\data\gtzan_wav\genres\pop\pop.00071.wav,pop
D:\Important\TUKE\3\bc\ast\data\gtzan_wav\genres\pop\pop.00004.wav,pop
D:\Important\TUKE\3\bc\ast\data\gtzan_wav\genres\pop\pop.00064.wav,pop
D:\Important\TUKE\3\bc\ast\data\gtzan_wav\genres\blues\blues.00084.wav,blues
D:\Important\TUKE\3\bc\ast\data\gtzan_wav\genres\country\country.00045.wav,country
D:\Important\TUKE\3\bc\ast\data\gtzan_wav\genres\classical\classical.00041.wav,classical
D:\Important\TUKE\3\bc\ast\data\gtzan_wav\genres\reggae\reggae.00029.wav,reggae
D:\Important\TUKE\3\bc\ast\data\gtzan_wav\genres\rock\rock.00056.wav,rock
D:\Important\TUKE\3\bc\ast\data\gtzan_wav\genres\reggae\reggae.00030.wav,reggae
D:\Important\TUKE\3\bc\ast\data\gtzan_wav\genres\country\country.00049.wav,country
D:\Important\TUKE\3\bc\ast\data\gtzan_wav\genres\blues\blues.00007.wav,blues
D:\Important\TUKE\3\bc\ast\data\gtzan_wav\genres\country\country.00041.wav,country
D:\Important\TUKE\3\bc\ast\data\gtzan_wav\genres\country\country.00096.wav,country
D:\Important\TUKE\3\bc\ast\data\gtzan_wav\genres\hiphop\hiphop.00094.wav,hiphop
D:\Important\TUKE\3\bc\ast\data\gtzan_wav\genres\country\country.00038.wav,country
D:\Important\TUKE\3\bc\ast\data\gtzan_wav\genres\country\country.00098.wav,country
D:\Important\TUKE\3\bc\ast\data\gtzan_wav\genres\rock\rock.00046.wav,rock
D:\Important\TUKE\3\bc\ast\data\gtzan_wav\genres\reggae\reggae.00026.wav,reggae
D:\Important\TUKE\3\bc\ast\data\gtzan_wav\genres\hiphop\hiphop.00065.wav,hiphop
D:\Important\TUKE\3\bc\ast\data\gtzan_wav\genres\jazz\jazz.00097.wav,jazz
D:\Important\TUKE\3\bc\ast\data\gtzan_wav\genres\rock\rock.00011.wav,rock
D:\Important\TUKE\3\bc\ast\data\gtzan_wav\genres\hiphop\hiphop.00093.wav,hiphop
D:\Important\TUKE\3\bc\ast\data\gtzan_wav\genres\rock\rock.00048.wav,rock
D:\Important\TUKE\3\bc\ast\data\gtzan_wav\genres\metal\metal.00067.wav,metal
D:\Important\TUKE\3\bc\ast\data\gtzan_wav\genres\hiphop\hiphop.00025.wav,hiphop
D:\Important\TUKE\3\bc\ast\data\gtzan_wav\genres\metal\metal.00063.wav,metal
D:\Important\TUKE\3\bc\ast\data\gtzan_wav\genres\country\country.00022.wav,country
D:\Important\TUKE\3\bc\ast\data\gtzan_wav\genres\metal\metal.00031.wav,metal
D:\Important\TUKE\3\bc\ast\data\gtzan_wav\genres\rock\rock.00086.wav,rock
D:\Important\TUKE\3\bc\ast\data\gtzan_wav\genres\jazz\jazz.00087.wav,jazz
D:\Important\TUKE\3\bc\ast\data\gtzan_wav\genres\classical\classical.00019.wav,classical
D:\Important\TUKE\3\bc\ast\data\gtzan_wav\genres\reggae\reggae.00061.wav,reggae
D:\Important\TUKE\3\bc\ast\data\gtzan_wav\genres\jazz\jazz.00001.wav,jazz
D:\Important\TUKE\3\bc\ast\data\gtzan_wav\genres\rock\rock.00088.wav,rock
D:\Important\TUKE\3\bc\ast\data\gtzan_wav\genres\country\country.00089.wav,country
D:\Important\TUKE\3\bc\ast\data\gtzan_wav\genres\hiphop\hiphop.00022.wav,hiphop
D:\Important\TUKE\3\bc\ast\data\gtzan_wav\genres\disco\disco.00028.wav,disco
D:\Important\TUKE\3\bc\ast\data\gtzan_wav\genres\disco\disco.00048.wav,disco
D:\Important\TUKE\3\bc\ast\data\gtzan_wav\genres\rock\rock.00024.wav,rock
D:\Important\TUKE\3\bc\ast\data\gtzan_wav\genres\disco\disco.00031.wav,disco
D:\Important\TUKE\3\bc\ast\data\gtzan_wav\genres\pop\pop.00076.wav,pop
D:\Important\TUKE\3\bc\ast\data\gtzan_wav\genres\jazz\jazz.00047.wav,jazz
D:\Important\TUKE\3\bc\ast\data\gtzan_wav\genres\blues\blues.00063.wav,blues
D:\Important\TUKE\3\bc\ast\data\gtzan_wav\genres\jazz\jazz.00012.wav,jazz
D:\Important\TUKE\3\bc\ast\data\gtzan_wav\genres\metal\metal.00058.wav,metal
D:\Important\TUKE\3\bc\ast\data\gtzan_wav\genres\country\country.00048.wav,country
D:\Important\TUKE\3\bc\ast\data\gtzan_wav\genres\blues\blues.00023.wav,blues
D:\Important\TUKE\3\bc\ast\data\gtzan_wav\genres\reggae\reggae.00065.wav,reggae
D:\Important\TUKE\3\bc\ast\data\gtzan_wav\genres\rock\rock.00017.wav,rock
D:\Important\TUKE\3\bc\ast\data\gtzan_wav\genres\hiphop\hiphop.00073.wav,hiphop
D:\Important\TUKE\3\bc\ast\data\gtzan_wav\genres\disco\disco.00001.wav,disco
D:\Important\TUKE\3\bc\ast\data\gtzan_wav\genres\jazz\jazz.00080.wav,jazz
D:\Important\TUKE\3\bc\ast\data\gtzan_wav\genres\metal\metal.00015.wav,metal
D:\Important\TUKE\3\bc\ast\data\gtzan_wav\genres\country\country.00026.wav,country
D:\Important\TUKE\3\bc\ast\data\gtzan_wav\genres\reggae\reggae.00015.wav,reggae
D:\Important\TUKE\3\bc\ast\data\gtzan_wav\genres\rock\rock.00005.wav,rock
D:\Important\TUKE\3\bc\ast\data\gtzan_wav\genres\reggae\reggae.00033.wav,reggae
D:\Important\TUKE\3\bc\ast\data\gtzan_wav\genres\reggae\reggae.00006.wav,reggae
D:\Important\TUKE\3\bc\ast\data\gtzan_wav\genres\reggae\reggae.00023.wav,reggae
D:\Important\TUKE\3\bc\ast\data\gtzan_wav\genres\country\country.00035.wav,country
D:\Important\TUKE\3\bc\ast\data\gtzan_wav\genres\classical\classical.00093.wav,classical
D:\Important\TUKE\3\bc\ast\data\gtzan_wav\genres\disco\disco.00017.wav,disco
D:\Important\TUKE\3\bc\ast\data\gtzan_wav\genres\hiphop\hiphop.00098.wav,hiphop
D:\Important\TUKE\3\bc\ast\data\gtzan_wav\genres\jazz\jazz.00061.wav,jazz
D:\Important\TUKE\3\bc\ast\data\gtzan_wav\genres\hiphop\hiphop.00006.wav,hiphop
D:\Important\TUKE\3\bc\ast\data\gtzan_wav\genres\pop\pop.00028.wav,pop
D:\Important\TUKE\3\bc\ast\data\gtzan_wav\genres\disco\disco.00053.wav,disco
D:\Important\TUKE\3\bc\ast\data\gtzan_wav\genres\classical\classical.00023.wav,classical
D:\Important\TUKE\3\bc\ast\data\gtzan_wav\genres\disco\disco.00079.wav,disco
D:\Important\TUKE\3\bc\ast\data\gtzan_wav\genres\metal\metal.00026.wav,metal
D:\Important\TUKE\3\bc\ast\data\gtzan_wav\genres\rock\rock.00073.wav,rock
D:\Important\TUKE\3\bc\ast\data\gtzan_wav\genres\disco\disco.00038.wav,disco
D:\Important\TUKE\3\bc\ast\data\gtzan_wav\genres\disco\disco.00055.wav,disco
D:\Important\TUKE\3\bc\ast\data\gtzan_wav\genres\metal\metal.00070.wav,metal
D:\Important\TUKE\3\bc\ast\data\gtzan_wav\genres\hiphop\hiphop.00045.wav,hiphop
D:\Important\TUKE\3\bc\ast\data\gtzan_wav\genres\country\country.00060.wav,country
D:\Important\TUKE\3\bc\ast\data\gtzan_wav\genres\disco\disco.00077.wav,disco
D:\Important\TUKE\3\bc\ast\data\gtzan_wav\genres\blues\blues.00059.wav,blues
D:\Important\TUKE\3\bc\ast\data\gtzan_wav\genres\hiphop\hiphop.00064.wav,hiphop
D:\Important\TUKE\3\bc\ast\data\gtzan_wav\genres\blues\blues.00022.wav,blues
D:\Important\TUKE\3\bc\ast\data\gtzan_wav\genres\disco\disco.00068.wav,disco
D:\Important\TUKE\3\bc\ast\data\gtzan_wav\genres\country\country.00046.wav,country
D:\Important\TUKE\3\bc\ast\data\gtzan_wav\genres\reggae\reggae.00019.wav,reggae
D:\Important\TUKE\3\bc\ast\data\gtzan_wav\genres\metal\metal.00022.wav,metal
D:\Important\TUKE\3\bc\ast\data\gtzan_wav\genres\blues\blues.00083.wav,blues
D:\Important\TUKE\3\bc\ast\data\gtzan_wav\genres\rock\rock.00043.wav,rock
D:\Important\TUKE\3\bc\ast\data\gtzan_wav\genres\jazz\jazz.00049.wav,jazz
D:\Important\TUKE\3\bc\ast\data\gtzan_wav\genres\pop\pop.00068.wav,pop
D:\Important\TUKE\3\bc\ast\data\gtzan_wav\genres\country\country.00039.wav,country
D:\Important\TUKE\3\bc\ast\data\gtzan_wav\genres\disco\disco.00091.wav,disco
D:\Important\TUKE\3\bc\ast\data\gtzan_wav\genres\classical\classical.00080.wav,classical
D:\Important\TUKE\3\bc\ast\data\gtzan_wav\genres\rock\rock.00095.wav,rock
D:\Important\TUKE\3\bc\ast\data\gtzan_wav\genres\metal\metal.00048.wav,metal
D:\Important\TUKE\3\bc\ast\data\gtzan_wav\genres\metal\metal.00091.wav,metal
D:\Important\TUKE\3\bc\ast\data\gtzan_wav\genres\blues\blues.00070.wav,blues
D:\Important\TUKE\3\bc\ast\data\gtzan_wav\genres\blues\blues.00043.wav,blues
D:\Important\TUKE\3\bc\ast\data\gtzan_wav\genres\blues\blues.00056.wav,blues
D:\Important\TUKE\3\bc\ast\data\gtzan_wav\genres\hiphop\hiphop.00060.wav,hiphop
D:\Important\TUKE\3\bc\ast\data\gtzan_wav\genres\blues\blues.00058.wav,blues
D:\Important\TUKE\3\bc\ast\data\gtzan_wav\genres\classical\classical.00052.wav,classical
D:\Important\TUKE\3\bc\ast\data\gtzan_wav\genres\jazz\jazz.00034.wav,jazz
D:\Important\TUKE\3\bc\ast\data\gtzan_wav\genres\classical\classical.00056.wav,classical
D:\Important\TUKE\3\bc\ast\data\gtzan_wav\genres\disco\disco.00057.wav,disco
D:\Important\TUKE\3\bc\ast\data\gtzan_wav\genres\blues\blues.00079.wav,blues
D:\Important\TUKE\3\bc\ast\data\gtzan_wav\genres\blues\blues.00053.wav,blues
D:\Important\TUKE\3\bc\ast\data\gtzan_wav\genres\jazz\jazz.00074.wav,jazz
D:\Important\TUKE\3\bc\ast\data\gtzan_wav\genres\metal\metal.00088.wav,metal
D:\Important\TUKE\3\bc\ast\data\gtzan_wav\genres\rock\rock.00014.wav,rock
D:\Important\TUKE\3\bc\ast\data\gtzan_wav\genres\jazz\jazz.00091.wav,jazz
D:\Important\TUKE\3\bc\ast\data\gtzan_wav\genres\jazz\jazz.00057.wav,jazz
D:\Important\TUKE\3\bc\ast\data\gtzan_wav\genres\pop\pop.00040.wav,pop
D:\Important\TUKE\3\bc\ast\data\gtzan_wav\genres\hiphop\hiphop.00031.wav,hiphop
D:\Important\TUKE\3\bc\ast\data\gtzan_wav\genres\metal\metal.00027.wav,metal
D:\Important\TUKE\3\bc\ast\data\gtzan_wav\genres\rock\rock.00054.wav,rock
D:\Important\TUKE\3\bc\ast\data\gtzan_wav\genres\jazz\jazz.00099.wav,jazz
D:\Important\TUKE\3\bc\ast\data\gtzan_wav\genres\jazz\jazz.00062.wav,jazz
D:\Important\TUKE\3\bc\ast\data\gtzan_wav\genres\metal\metal.00068.wav,metal
D:\Important\TUKE\3\bc\ast\data\gtzan_wav\genres\rock\rock.00083.wav,rock
D:\Important\TUKE\3\bc\ast\data\gtzan_wav\genres\classical\classical.00003.wav,classical
D:\Important\TUKE\3\bc\ast\data\gtzan_wav\genres\disco\disco.00087.wav,disco
D:\Important\TUKE\3\bc\ast\data\gtzan_wav\genres\pop\pop.00044.wav,pop
D:\Important\TUKE\3\bc\ast\data\gtzan_wav\genres\metal\metal.00045.wav,metal
D:\Important\TUKE\3\bc\ast\data\gtzan_wav\genres\blues\blues.00044.wav,blues
D:\Important\TUKE\3\bc\ast\data\gtzan_wav\genres\classical\classical.00096.wav,classical
D:\Important\TUKE\3\bc\ast\data\gtzan_wav\genres\rock\rock.00063.wav,rock
D:\Important\TUKE\3\bc\ast\data\gtzan_wav\genres\jazz\jazz.00069.wav,jazz
D:\Important\TUKE\3\bc\ast\data\gtzan_wav\genres\rock\rock.00091.wav,rock
D:\Important\TUKE\3\bc\ast\data\gtzan_wav\genres\rock\rock.00032.wav,rock
D:\Important\TUKE\3\bc\ast\data\gtzan_wav\genres\reggae\reggae.00009.wav,reggae
D:\Important\TUKE\3\bc\ast\data\gtzan_wav\genres\jazz\jazz.00044.wav,jazz
D:\Important\TUKE\3\bc\ast\data\gtzan_wav\genres\metal\metal.00047.wav,metal
D:\Important\TUKE\3\bc\ast\data\gtzan_wav\genres\blues\blues.00073.wav,blues
D:\Important\TUKE\3\bc\ast\data\gtzan_wav\genres\rock\rock.00092.wav,rock
D:\Important\TUKE\3\bc\ast\data\gtzan_wav\genres\hiphop\hiphop.00040.wav,hiphop
D:\Important\TUKE\3\bc\ast\data\gtzan_wav\genres\hiphop\hiphop.00033.wav,hiphop
D:\Important\TUKE\3\bc\ast\data\gtzan_wav\genres\classical\classical.00015.wav,classical
D:\Important\TUKE\3\bc\ast\data\gtzan_wav\genres\reggae\reggae.00075.wav,reggae
D:\Important\TUKE\3\bc\ast\data\gtzan_wav\genres\metal\metal.00072.wav,metal
D:\Important\TUKE\3\bc\ast\data\gtzan_wav\genres\reggae\reggae.00064.wav,reggae
D:\Important\TUKE\3\bc\ast\data\gtzan_wav\genres\pop\pop.00025.wav,pop
D:\Important\TUKE\3\bc\ast\data\gtzan_wav\genres\pop\pop.00011.wav,pop
D:\Important\TUKE\3\bc\ast\data\gtzan_wav\genres\blues\blues.00006.wav,blues
D:\Important\TUKE\3\bc\ast\data\gtzan_wav\genres\classical\classical.00077.wav,classical
D:\Important\TUKE\3\bc\ast\data\gtzan_wav\genres\classical\classical.00035.wav,classical
D:\Important\TUKE\3\bc\ast\data\gtzan_wav\genres\pop\pop.00084.wav,pop
D:\Important\TUKE\3\bc\ast\data\gtzan_wav\genres\blues\blues.00047.wav,blues
D:\Important\TUKE\3\bc\ast\data\gtzan_wav\genres\country\country.00082.wav,country
D:\Important\TUKE\3\bc\ast\data\gtzan_wav\genres\hiphop\hiphop.00080.wav,hiphop
D:\Important\TUKE\3\bc\ast\data\gtzan_wav\genres\jazz\jazz.00032.wav,jazz
D:\Important\TUKE\3\bc\ast\data\gtzan_wav\genres\disco\disco.00019.wav,disco
D:\Important\TUKE\3\bc\ast\data\gtzan_wav\genres\country\country.00036.wav,country
D:\Important\TUKE\3\bc\ast\data\gtzan_wav\genres\hiphop\hiphop.00038.wav,hiphop
D:\Important\TUKE\3\bc\ast\data\gtzan_wav\genres\pop\pop.00005.wav,pop
D:\Important\TUKE\3\bc\ast\data\gtzan_wav\genres\country\country.00091.wav,country
D:\Important\TUKE\3\bc\ast\data\gtzan_wav\genres\jazz\jazz.00093.wav,jazz
D:\Important\TUKE\3\bc\ast\data\gtzan_wav\genres\rock\rock.00045.wav,rock
D:\Important\TUKE\3\bc\ast\data\gtzan_wav\genres\metal\metal.00096.wav,metal
D:\Important\TUKE\3\bc\ast\data\gtzan_wav\genres\metal\metal.00090.wav,metal
D:\Important\TUKE\3\bc\ast\data\gtzan_wav\genres\country\country.00071.wav,country
D:\Important\TUKE\3\bc\ast\data\gtzan_wav\genres\classical\classical.00060.wav,classical
D:\Important\TUKE\3\bc\ast\data\gtzan_wav\genres\country\country.00020.wav,country
D:\Important\TUKE\3\bc\ast\data\gtzan_wav\genres\pop\pop.00045.wav,pop
D:\Important\TUKE\3\bc\ast\data\gtzan_wav\genres\blues\blues.00048.wav,blues
D:\Important\TUKE\3\bc\ast\data\gtzan_wav\genres\metal\metal.00078.wav,metal
D:\Important\TUKE\3\bc\ast\data\gtzan_wav\genres\metal\metal.00003.wav,metal
D:\Important\TUKE\3\bc\ast\data\gtzan_wav\genres\rock\rock.00028.wav,rock
D:\Important\TUKE\3\bc\ast\data\gtzan_wav\genres\rock\rock.00067.wav,rock
D:\Important\TUKE\3\bc\ast\data\gtzan_wav\genres\disco\disco.00088.wav,disco
D:\Important\TUKE\3\bc\ast\data\gtzan_wav\genres\pop\pop.00048.wav,pop
D:\Important\TUKE\3\bc\ast\data\gtzan_wav\genres\jazz\jazz.00035.wav,jazz
D:\Important\TUKE\3\bc\ast\data\gtzan_wav\genres\pop\pop.00097.wav,pop
D:\Important\TUKE\3\bc\ast\data\gtzan_wav\genres\metal\metal.00092.wav,metal
D:\Important\TUKE\3\bc\ast\data\gtzan_wav\genres\rock\rock.00074.wav,rock
D:\Important\TUKE\3\bc\ast\data\gtzan_wav\genres\reggae\reggae.00081.wav,reggae
D:\Important\TUKE\3\bc\ast\data\gtzan_wav\genres\jazz\jazz.00013.wav,jazz
D:\Important\TUKE\3\bc\ast\data\gtzan_wav\genres\hiphop\hiphop.00092.wav,hiphop
D:\Important\TUKE\3\bc\ast\data\gtzan_wav\genres\jazz\jazz.00021.wav,jazz
D:\Important\TUKE\3\bc\ast\data\gtzan_wav\genres\hiphop\hiphop.00026.wav,hiphop
D:\Important\TUKE\3\bc\ast\data\gtzan_wav\genres\classical\classical.00043.wav,classical
D:\Important\TUKE\3\bc\ast\data\gtzan_wav\genres\reggae\reggae.00076.wav,reggae
D:\Important\TUKE\3\bc\ast\data\gtzan_wav\genres\pop\pop.00058.wav,pop
D:\Important\TUKE\3\bc\ast\data\gtzan_wav\genres\rock\rock.00093.wav,rock
D:\Important\TUKE\3\bc\ast\data\gtzan_wav\genres\metal\metal.00012.wav,metal
D:\Important\TUKE\3\bc\ast\data\gtzan_wav\genres\disco\disco.00098.wav,disco
D:\Important\TUKE\3\bc\ast\data\gtzan_wav\genres\blues\blues.00085.wav,blues
D:\Important\TUKE\3\bc\ast\data\gtzan_wav\genres\blues\blues.00061.wav,blues
D:\Important\TUKE\3\bc\ast\data\gtzan_wav\genres\classical\classical.00032.wav,classical
D:\Important\TUKE\3\bc\ast\data\gtzan_wav\genres\classical\classical.00092.wav,classical
D:\Important\TUKE\3\bc\ast\data\gtzan_wav\genres\jazz\jazz.00023.wav,jazz
D:\Important\TUKE\3\bc\ast\data\gtzan_wav\genres\pop\pop.00017.wav,pop
D:\Important\TUKE\3\bc\ast\data\gtzan_wav\genres\jazz\jazz.00079.wav,jazz
D:\Important\TUKE\3\bc\ast\data\gtzan_wav\genres\blues\blues.00082.wav,blues
D:\Important\TUKE\3\bc\ast\data\gtzan_wav\genres\country\country.00052.wav,country
D:\Important\TUKE\3\bc\ast\data\gtzan_wav\genres\hiphop\hiphop.00034.wav,hiphop
D:\Important\TUKE\3\bc\ast\data\gtzan_wav\genres\blues\blues.00049.wav,blues
D:\Important\TUKE\3\bc\ast\data\gtzan_wav\genres\metal\metal.00018.wav,metal
D:\Important\TUKE\3\bc\ast\data\gtzan_wav\genres\reggae\reggae.00017.wav,reggae
D:\Important\TUKE\3\bc\ast\data\gtzan_wav\genres\classical\classical.00037.wav,classical
D:\Important\TUKE\3\bc\ast\data\gtzan_wav\genres\hiphop\hiphop.00084.wav,hiphop
D:\Important\TUKE\3\bc\ast\data\gtzan_wav\genres\rock\rock.00053.wav,rock
D:\Important\TUKE\3\bc\ast\data\gtzan_wav\genres\disco\disco.00092.wav,disco
D:\Important\TUKE\3\bc\ast\data\gtzan_wav\genres\hiphop\hiphop.00015.wav,hiphop
D:\Important\TUKE\3\bc\ast\data\gtzan_wav\genres\rock\rock.00036.wav,rock
D:\Important\TUKE\3\bc\ast\data\gtzan_wav\genres\classical\classical.00095.wav,classical
D:\Important\TUKE\3\bc\ast\data\gtzan_wav\genres\disco\disco.00003.wav,disco
D:\Important\TUKE\3\bc\ast\data\gtzan_wav\genres\rock\rock.00016.wav,rock
D:\Important\TUKE\3\bc\ast\data\gtzan_wav\genres\jazz\jazz.00081.wav,jazz
D:\Important\TUKE\3\bc\ast\data\gtzan_wav\genres\pop\pop.00070.wav,pop
D:\Important\TUKE\3\bc\ast\data\gtzan_wav\genres\rock\rock.00072.wav,rock
D:\Important\TUKE\3\bc\ast\data\gtzan_wav\genres\jazz\jazz.00077.wav,jazz
D:\Important\TUKE\3\bc\ast\data\gtzan_wav\genres\country\country.00069.wav,country
D:\Important\TUKE\3\bc\ast\data\gtzan_wav\genres\classical\classical.00059.wav,classical
D:\Important\TUKE\3\bc\ast\data\gtzan_wav\genres\blues\blues.00071.wav,blues
D:\Important\TUKE\3\bc\ast\data\gtzan_wav\genres\jazz\jazz.00096.wav,jazz
D:\Important\TUKE\3\bc\ast\data\gtzan_wav\genres\classical\classical.00070.wav,classical
D:\Important\TUKE\3\bc\ast\data\gtzan_wav\genres\reggae\reggae.00071.wav,reggae
D:\Important\TUKE\3\bc\ast\data\gtzan_wav\genres\pop\pop.00069.wav,pop
D:\Important\TUKE\3\bc\ast\data\gtzan_wav\genres\metal\metal.00055.wav,metal
D:\Important\TUKE\3\bc\ast\data\gtzan_wav\genres\disco\disco.00009.wav,disco
D:\Important\TUKE\3\bc\ast\data\gtzan_wav\genres\country\country.00032.wav,country
D:\Important\TUKE\3\bc\ast\data\gtzan_wav\genres\rock\rock.00008.wav,rock
D:\Important\TUKE\3\bc\ast\data\gtzan_wav\genres\metal\metal.00093.wav,metal
D:\Important\TUKE\3\bc\ast\data\gtzan_wav\genres\pop\pop.00050.wav,pop
D:\Important\TUKE\3\bc\ast\data\gtzan_wav\genres\hiphop\hiphop.00050.wav,hiphop
D:\Important\TUKE\3\bc\ast\data\gtzan_wav\genres\metal\metal.00059.wav,metal
D:\Important\TUKE\3\bc\ast\data\gtzan_wav\genres\classical\classical.00090.wav,classical
D:\Important\TUKE\3\bc\ast\data\gtzan_wav\genres\country\country.00050.wav,country
D:\Important\TUKE\3\bc\ast\data\gtzan_wav\genres\pop\pop.00038.wav,pop
D:\Important\TUKE\3\bc\ast\data\gtzan_wav\genres\rock\rock.00096.wav,rock
D:\Important\TUKE\3\bc\ast\data\gtzan_wav\genres\hiphop\hiphop.00063.wav,hiphop
D:\Important\TUKE\3\bc\ast\data\gtzan_wav\genres\pop\pop.00036.wav,pop
D:\Important\TUKE\3\bc\ast\data\gtzan_wav\genres\reggae\reggae.00036.wav,reggae
D:\Important\TUKE\3\bc\ast\data\gtzan_wav\genres\rock\rock.00044.wav,rock
D:\Important\TUKE\3\bc\ast\data\gtzan_wav\genres\hiphop\hiphop.00044.wav,hiphop
D:\Important\TUKE\3\bc\ast\data\gtzan_wav\genres\blues\blues.00074.wav,blues
D:\Important\TUKE\3\bc\ast\data\gtzan_wav\genres\jazz\jazz.00019.wav,jazz
D:\Important\TUKE\3\bc\ast\data\gtzan_wav\genres\disco\disco.00005.wav,disco
D:\Important\TUKE\3\bc\ast\data\gtzan_wav\genres\blues\blues.00036.wav,blues
D:\Important\TUKE\3\bc\ast\data\gtzan_wav\genres\classical\classical.00002.wav,classical
D:\Important\TUKE\3\bc\ast\data\gtzan_wav\genres\classical\classical.00055.wav,classical
D:\Important\TUKE\3\bc\ast\data\gtzan_wav\genres\pop\pop.00033.wav,pop
D:\Important\TUKE\3\bc\ast\data\gtzan_wav\genres\country\country.00044.wav,country
D:\Important\TUKE\3\bc\ast\data\gtzan_wav\genres\country\country.00012.wav,country
D:\Important\TUKE\3\bc\ast\data\gtzan_wav\genres\hiphop\hiphop.00059.wav,hiphop
D:\Important\TUKE\3\bc\ast\data\gtzan_wav\genres\country\country.00030.wav,country
D:\Important\TUKE\3\bc\ast\data\gtzan_wav\genres\disco\disco.00096.wav,disco
D:\Important\TUKE\3\bc\ast\data\gtzan_wav\genres\metal\metal.00075.wav,metal
D:\Important\TUKE\3\bc\ast\data\gtzan_wav\genres\blues\blues.00099.wav,blues
D:\Important\TUKE\3\bc\ast\data\gtzan_wav\genres\reggae\reggae.00063.wav,reggae
D:\Important\TUKE\3\bc\ast\data\gtzan_wav\genres\blues\blues.00015.wav,blues
D:\Important\TUKE\3\bc\ast\data\gtzan_wav\genres\disco\disco.00075.wav,disco
D:\Important\TUKE\3\bc\ast\data\gtzan_wav\genres\jazz\jazz.00067.wav,jazz
D:\Important\TUKE\3\bc\ast\data\gtzan_wav\genres\blues\blues.00032.wav,blues
D:\Important\TUKE\3\bc\ast\data\gtzan_wav\genres\reggae\reggae.00054.wav,reggae
D:\Important\TUKE\3\bc\ast\data\gtzan_wav\genres\disco\disco.00029.wav,disco
D:\Important\TUKE\3\bc\ast\data\gtzan_wav\genres\pop\pop.00083.wav,pop
D:\Important\TUKE\3\bc\ast\data\gtzan_wav\genres\pop\pop.00074.wav,pop
D:\Important\TUKE\3\bc\ast\data\gtzan_wav\genres\reggae\reggae.00083.wav,reggae
D:\Important\TUKE\3\bc\ast\data\gtzan_wav\genres\reggae\reggae.00038.wav,reggae
D:\Important\TUKE\3\bc\ast\data\gtzan_wav\genres\disco\disco.00027.wav,disco
D:\Important\TUKE\3\bc\ast\data\gtzan_wav\genres\classical\classical.00036.wav,classical
D:\Important\TUKE\3\bc\ast\data\gtzan_wav\genres\rock\rock.00089.wav,rock
D:\Important\TUKE\3\bc\ast\data\gtzan_wav\genres\hiphop\hiphop.00096.wav,hiphop
D:\Important\TUKE\3\bc\ast\data\gtzan_wav\genres\country\country.00063.wav,country
D:\Important\TUKE\3\bc\ast\data\gtzan_wav\genres\disco\disco.00026.wav,disco
D:\Important\TUKE\3\bc\ast\data\gtzan_wav\genres\reggae\reggae.00003.wav,reggae
D:\Important\TUKE\3\bc\ast\data\gtzan_wav\genres\disco\disco.00044.wav,disco
D:\Important\TUKE\3\bc\ast\data\gtzan_wav\genres\jazz\jazz.00045.wav,jazz
D:\Important\TUKE\3\bc\ast\data\gtzan_wav\genres\rock\rock.00031.wav,rock
D:\Important\TUKE\3\bc\ast\data\gtzan_wav\genres\reggae\reggae.00044.wav,reggae
D:\Important\TUKE\3\bc\ast\data\gtzan_wav\genres\reggae\reggae.00032.wav,reggae
D:\Important\TUKE\3\bc\ast\data\gtzan_wav\genres\rock\rock.00075.wav,rock
D:\Important\TUKE\3\bc\ast\data\gtzan_wav\genres\blues\blues.00089.wav,blues
D:\Important\TUKE\3\bc\ast\data\gtzan_wav\genres\country\country.00077.wav,country
D:\Important\TUKE\3\bc\ast\data\gtzan_wav\genres\metal\metal.00082.wav,metal
D:\Important\TUKE\3\bc\ast\data\gtzan_wav\genres\reggae\reggae.00095.wav,reggae
D:\Important\TUKE\3\bc\ast\data\gtzan_wav\genres\jazz\jazz.00000.wav,jazz
D:\Important\TUKE\3\bc\ast\data\gtzan_wav\genres\blues\blues.00078.wav,blues
D:\Important\TUKE\3\bc\ast\data\gtzan_wav\genres\disco\disco.00037.wav,disco
D:\Important\TUKE\3\bc\ast\data\gtzan_wav\genres\jazz\jazz.00059.wav,jazz
D:\Important\TUKE\3\bc\ast\data\gtzan_wav\genres\disco\disco.00041.wav,disco
D:\Important\TUKE\3\bc\ast\data\gtzan_wav\genres\rock\rock.00069.wav,rock
D:\Important\TUKE\3\bc\ast\data\gtzan_wav\genres\country\country.00084.wav,country
D:\Important\TUKE\3\bc\ast\data\gtzan_wav\genres\classical\classical.00049.wav,classical
D:\Important\TUKE\3\bc\ast\data\gtzan_wav\genres\pop\pop.00037.wav,pop
D:\Important\TUKE\3\bc\ast\data\gtzan_wav\genres\metal\metal.00044.wav,metal
D:\Important\TUKE\3\bc\ast\data\gtzan_wav\genres\disco\disco.00090.wav,disco
D:\Important\TUKE\3\bc\ast\data\gtzan_wav\genres\hiphop\hiphop.00091.wav,hiphop
D:\Important\TUKE\3\bc\ast\data\gtzan_wav\genres\pop\pop.00087.wav,pop
D:\Important\TUKE\3\bc\ast\data\gtzan_wav\genres\classical\classical.00057.wav,classical
D:\Important\TUKE\3\bc\ast\data\gtzan_wav\genres\country\country.00074.wav,country
D:\Important\TUKE\3\bc\ast\data\gtzan_wav\genres\country\country.00018.wav,country
D:\Important\TUKE\3\bc\ast\data\gtzan_wav\genres\country\country.00076.wav,country
D:\Important\TUKE\3\bc\ast\data\gtzan_wav\genres\pop\pop.00049.wav,pop
D:\Important\TUKE\3\bc\ast\data\gtzan_wav\genres\jazz\jazz.00017.wav,jazz
D:\Important\TUKE\3\bc\ast\data\gtzan_wav\genres\metal\metal.00000.wav,metal
D:\Important\TUKE\3\bc\ast\data\gtzan_wav\genres\disco\disco.00094.wav,disco
D:\Important\TUKE\3\bc\ast\data\gtzan_wav\genres\classical\classical.00020.wav,classical
D:\Important\TUKE\3\bc\ast\data\gtzan_wav\genres\jazz\jazz.00029.wav,jazz
D:\Important\TUKE\3\bc\ast\data\gtzan_wav\genres\hiphop\hiphop.00067.wav,hiphop
D:\Important\TUKE\3\bc\ast\data\gtzan_wav\genres\hiphop\hiphop.00012.wav,hiphop
D:\Important\TUKE\3\bc\ast\data\gtzan_wav\genres\disco\disco.00059.wav,disco
D:\Important\TUKE\3\bc\ast\data\gtzan_wav\genres\blues\blues.00068.wav,blues
D:\Important\TUKE\3\bc\ast\data\gtzan_wav\genres\hiphop\hiphop.00057.wav,hiphop
D:\Important\TUKE\3\bc\ast\data\gtzan_wav\genres\blues\blues.00060.wav,blues
D:\Important\TUKE\3\bc\ast\data\gtzan_wav\genres\rock\rock.00065.wav,rock
D:\Important\TUKE\3\bc\ast\data\gtzan_wav\genres\disco\disco.00070.wav,disco
D:\Important\TUKE\3\bc\ast\data\gtzan_wav\genres\country\country.00023.wav,country
D:\Important\TUKE\3\bc\ast\data\gtzan_wav\genres\jazz\jazz.00083.wav,jazz
D:\Important\TUKE\3\bc\ast\data\gtzan_wav\genres\reggae\reggae.00097.wav,reggae
D:\Important\TUKE\3\bc\ast\data\gtzan_wav\genres\reggae\reggae.00013.wav,reggae
D:\Important\TUKE\3\bc\ast\data\gtzan_wav\genres\classical\classical.00047.wav,classical
D:\Important\TUKE\3\bc\ast\data\gtzan_wav\genres\jazz\jazz.00030.wav,jazz
D:\Important\TUKE\3\bc\ast\data\gtzan_wav\genres\classical\classical.00079.wav,classical
D:\Important\TUKE\3\bc\ast\data\gtzan_wav\genres\country\country.00027.wav,country
D:\Important\TUKE\3\bc\ast\data\gtzan_wav\genres\rock\rock.00059.wav,rock
D:\Important\TUKE\3\bc\ast\data\gtzan_wav\genres\reggae\reggae.00094.wav,reggae
D:\Important\TUKE\3\bc\ast\data\gtzan_wav\genres\disco\disco.00056.wav,disco
D:\Important\TUKE\3\bc\ast\data\gtzan_wav\genres\blues\blues.00000.wav,blues
D:\Important\TUKE\3\bc\ast\data\gtzan_wav\genres\pop\pop.00009.wav,pop
D:\Important\TUKE\3\bc\ast\data\gtzan_wav\genres\blues\blues.00098.wav,blues
D:\Important\TUKE\3\bc\ast\data\gtzan_wav\genres\metal\metal.00087.wav,metal
D:\Important\TUKE\3\bc\ast\data\gtzan_wav\genres\metal\metal.00020.wav,metal
D:\Important\TUKE\3\bc\ast\data\gtzan_wav\genres\reggae\reggae.00079.wav,reggae
D:\Important\TUKE\3\bc\ast\data\gtzan_wav\genres\hiphop\hiphop.00058.wav,hiphop
D:\Important\TUKE\3\bc\ast\data\gtzan_wav\genres\hiphop\hiphop.00020.wav,hiphop
D:\Important\TUKE\3\bc\ast\data\gtzan_wav\genres\metal\metal.00002.wav,metal
D:\Important\TUKE\3\bc\ast\data\gtzan_wav\genres\hiphop\hiphop.00083.wav,hiphop
D:\Important\TUKE\3\bc\ast\data\gtzan_wav\genres\classical\classical.00005.wav,classical
D:\Important\TUKE\3\bc\ast\data\gtzan_wav\genres\reggae\reggae.00066.wav,reggae
D:\Important\TUKE\3\bc\ast\data\gtzan_wav\genres\jazz\jazz.00071.wav,jazz
D:\Important\TUKE\3\bc\ast\data\gtzan_wav\genres\pop\pop.00003.wav,pop
D:\Important\TUKE\3\bc\ast\data\gtzan_wav\genres\hiphop\hiphop.00079.wav,hiphop
D:\Important\TUKE\3\bc\ast\data\gtzan_wav\genres\disco\disco.00060.wav,disco
D:\Important\TUKE\3\bc\ast\data\gtzan_wav\genres\metal\metal.00041.wav,metal
D:\Important\TUKE\3\bc\ast\data\gtzan_wav\genres\blues\blues.00025.wav,blues
D:\Important\TUKE\3\bc\ast\data\gtzan_wav\genres\classical\classical.00046.wav,classical
D:\Important\TUKE\3\bc\ast\data\gtzan_wav\genres\reggae\reggae.00050.wav,reggae
D:\Important\TUKE\3\bc\ast\data\gtzan_wav\genres\jazz\jazz.00003.wav,jazz
D:\Important\TUKE\3\bc\ast\data\gtzan_wav\genres\classical\classical.00008.wav,classical
D:\Important\TUKE\3\bc\ast\data\gtzan_wav\genres\blues\blues.00045.wav,blues
D:\Important\TUKE\3\bc\ast\data\gtzan_wav\genres\rock\rock.00039.wav,rock
D:\Important\TUKE\3\bc\ast\data\gtzan_wav\genres\metal\metal.00024.wav,metal
D:\Important\TUKE\3\bc\ast\data\gtzan_wav\genres\reggae\reggae.00073.wav,reggae
D:\Important\TUKE\3\bc\ast\data\gtzan_wav\genres\jazz\jazz.00014.wav,jazz
D:\Important\TUKE\3\bc\ast\data\gtzan_wav\genres\classical\classical.00001.wav,classical
D:\Important\TUKE\3\bc\ast\data\gtzan_wav\genres\hiphop\hiphop.00011.wav,hiphop
D:\Important\TUKE\3\bc\ast\data\gtzan_wav\genres\pop\pop.00061.wav,pop
D:\Important\TUKE\3\bc\ast\data\gtzan_wav\genres\metal\metal.00086.wav,metal
D:\Important\TUKE\3\bc\ast\data\gtzan_wav\genres\classical\classical.00021.wav,classical
D:\Important\TUKE\3\bc\ast\data\gtzan_wav\genres\rock\rock.00029.wav,rock
D:\Important\TUKE\3\bc\ast\data\gtzan_wav\genres\metal\metal.00032.wav,metal
D:\Important\TUKE\3\bc\ast\data\gtzan_wav\genres\classical\classical.00065.wav,classical
D:\Important\TUKE\3\bc\ast\data\gtzan_wav\genres\reggae\reggae.00001.wav,reggae
D:\Important\TUKE\3\bc\ast\data\gtzan_wav\genres\reggae\reggae.00035.wav,reggae
D:\Important\TUKE\3\bc\ast\data\gtzan_wav\genres\hiphop\hiphop.00013.wav,hiphop
D:\Important\TUKE\3\bc\ast\data\gtzan_wav\genres\hiphop\hiphop.00030.wav,hiphop
D:\Important\TUKE\3\bc\ast\data\gtzan_wav\genres\metal\metal.00064.wav,metal
D:\Important\TUKE\3\bc\ast\data\gtzan_wav\genres\hiphop\hiphop.00007.wav,hiphop
D:\Important\TUKE\3\bc\ast\data\gtzan_wav\genres\blues\blues.00018.wav,blues
D:\Important\TUKE\3\bc\ast\data\gtzan_wav\genres\jazz\jazz.00028.wav,jazz
D:\Important\TUKE\3\bc\ast\data\gtzan_wav\genres\country\country.00004.wav,country
D:\Important\TUKE\3\bc\ast\data\gtzan_wav\genres\rock\rock.00015.wav,rock
D:\Important\TUKE\3\bc\ast\data\gtzan_wav\genres\pop\pop.00094.wav,pop
D:\Important\TUKE\3\bc\ast\data\gtzan_wav\genres\disco\disco.00011.wav,disco
D:\Important\TUKE\3\bc\ast\data\gtzan_wav\genres\country\country.00079.wav,country
D:\Important\TUKE\3\bc\ast\data\gtzan_wav\genres\hiphop\hiphop.00061.wav,hiphop
D:\Important\TUKE\3\bc\ast\data\gtzan_wav\genres\jazz\jazz.00065.wav,jazz
D:\Important\TUKE\3\bc\ast\data\gtzan_wav\genres\hiphop\hiphop.00003.wav,hiphop
D:\Important\TUKE\3\bc\ast\data\gtzan_wav\genres\metal\metal.00053.wav,metal
D:\Important\TUKE\3\bc\ast\data\gtzan_wav\genres\rock\rock.00001.wav,rock
D:\Important\TUKE\3\bc\ast\data\gtzan_wav\genres\hiphop\hiphop.00075.wav,hiphop
D:\Important\TUKE\3\bc\ast\data\gtzan_wav\genres\hiphop\hiphop.00032.wav,hiphop
D:\Important\TUKE\3\bc\ast\data\gtzan_wav\genres\metal\metal.00046.wav,metal
D:\Important\TUKE\3\bc\ast\data\gtzan_wav\genres\metal\metal.00076.wav,metal
D:\Important\TUKE\3\bc\ast\data\gtzan_wav\genres\jazz\jazz.00095.wav,jazz
D:\Important\TUKE\3\bc\ast\data\gtzan_wav\genres\classical\classical.00006.wav,classical
D:\Important\TUKE\3\bc\ast\data\gtzan_wav\genres\metal\metal.00028.wav,metal
D:\Important\TUKE\3\bc\ast\data\gtzan_wav\genres\reggae\reggae.00053.wav,reggae
D:\Important\TUKE\3\bc\ast\data\gtzan_wav\genres\pop\pop.00067.wav,pop
D:\Important\TUKE\3\bc\ast\data\gtzan_wav\genres\pop\pop.00034.wav,pop
D:\Important\TUKE\3\bc\ast\data\gtzan_wav\genres\disco\disco.00050.wav,disco
D:\Important\TUKE\3\bc\ast\data\gtzan_wav\genres\disco\disco.00032.wav,disco
D:\Important\TUKE\3\bc\ast\data\gtzan_wav\genres\blues\blues.00091.wav,blues
D:\Important\TUKE\3\bc\ast\data\gtzan_wav\genres\rock\rock.00007.wav,rock
D:\Important\TUKE\3\bc\ast\data\gtzan_wav\genres\metal\metal.00084.wav,metal
D:\Important\TUKE\3\bc\ast\data\gtzan_wav\genres\hiphop\hiphop.00066.wav,hiphop
D:\Important\TUKE\3\bc\ast\data\gtzan_wav\genres\jazz\jazz.00086.wav,jazz
D:\Important\TUKE\3\bc\ast\data\gtzan_wav\genres\disco\disco.00018.wav,disco
D:\Important\TUKE\3\bc\ast\data\gtzan_wav\genres\blues\blues.00095.wav,blues
D:\Important\TUKE\3\bc\ast\data\gtzan_wav\genres\classical\classical.00000.wav,classical
D:\Important\TUKE\3\bc\ast\data\gtzan_wav\genres\metal\metal.00025.wav,metal
D:\Important\TUKE\3\bc\ast\data\gtzan_wav\genres\pop\pop.00090.wav,pop
D:\Important\TUKE\3\bc\ast\data\gtzan_wav\genres\country\country.00097.wav,country
D:\Important\TUKE\3\bc\ast\data\gtzan_wav\genres\hiphop\hiphop.00052.wav,hiphop
D:\Important\TUKE\3\bc\ast\data\gtzan_wav\genres\classical\classical.00081.wav,classical
D:\Important\TUKE\3\bc\ast\data\gtzan_wav\genres\rock\rock.00085.wav,rock
D:\Important\TUKE\3\bc\ast\data\gtzan_wav\genres\jazz\jazz.00027.wav,jazz
D:\Important\TUKE\3\bc\ast\data\gtzan_wav\genres\disco\disco.00046.wav,disco
D:\Important\TUKE\3\bc\ast\data\gtzan_wav\genres\metal\metal.00089.wav,metal
D:\Important\TUKE\3\bc\ast\data\gtzan_wav\genres\metal\metal.00016.wav,metal
D:\Important\TUKE\3\bc\ast\data\gtzan_wav\genres\jazz\jazz.00082.wav,jazz
D:\Important\TUKE\3\bc\ast\data\gtzan_wav\genres\disco\disco.00082.wav,disco
D:\Important\TUKE\3\bc\ast\data\gtzan_wav\genres\rock\rock.00099.wav,rock
D:\Important\TUKE\3\bc\ast\data\gtzan_wav\genres\metal\metal.00021.wav,metal
D:\Important\TUKE\3\bc\ast\data\gtzan_wav\genres\disco\disco.00004.wav,disco
D:\Important\TUKE\3\bc\ast\data\gtzan_wav\genres\rock\rock.00006.wav,rock
D:\Important\TUKE\3\bc\ast\data\gtzan_wav\genres\rock\rock.00047.wav,rock
D:\Important\TUKE\3\bc\ast\data\gtzan_wav\genres\classical\classical.00028.wav,classical
D:\Important\TUKE\3\bc\ast\data\gtzan_wav\genres\reggae\reggae.00041.wav,reggae
D:\Important\TUKE\3\bc\ast\data\gtzan_wav\genres\classical\classical.00073.wav,classical
D:\Important\TUKE\3\bc\ast\data\gtzan_wav\genres\jazz\jazz.00055.wav,jazz
D:\Important\TUKE\3\bc\ast\data\gtzan_wav\genres\classical\classical.00039.wav,classical
D:\Important\TUKE\3\bc\ast\data\gtzan_wav\genres\country\country.00016.wav,country
D:\Important\TUKE\3\bc\ast\data\gtzan_wav\genres\classical\classical.00004.wav,classical
D:\Important\TUKE\3\bc\ast\data\gtzan_wav\genres\jazz\jazz.00066.wav,jazz
D:\Important\TUKE\3\bc\ast\data\gtzan_wav\genres\pop\pop.00001.wav,pop
D:\Important\TUKE\3\bc\ast\data\gtzan_wav\genres\blues\blues.00072.wav,blues
D:\Important\TUKE\3\bc\ast\data\gtzan_wav\genres\pop\pop.00051.wav,pop
D:\Important\TUKE\3\bc\ast\data\gtzan_wav\genres\disco\disco.00099.wav,disco
D:\Important\TUKE\3\bc\ast\data\gtzan_wav\genres\country\country.00047.wav,country
D:\Important\TUKE\3\bc\ast\data\gtzan_wav\genres\rock\rock.00062.wav,rock
D:\Important\TUKE\3\bc\ast\data\gtzan_wav\genres\disco\disco.00002.wav,disco
D:\Important\TUKE\3\bc\ast\data\gtzan_wav\genres\pop\pop.00008.wav,pop
D:\Important\TUKE\3\bc\ast\data\gtzan_wav\genres\reggae\reggae.00007.wav,reggae
D:\Important\TUKE\3\bc\ast\data\gtzan_wav\genres\blues\blues.00033.wav,blues
D:\Important\TUKE\3\bc\ast\data\gtzan_wav\genres\classical\classical.00029.wav,classical
D:\Important\TUKE\3\bc\ast\data\gtzan_wav\genres\metal\metal.00013.wav,metal
D:\Important\TUKE\3\bc\ast\data\gtzan_wav\genres\reggae\reggae.00045.wav,reggae
D:\Important\TUKE\3\bc\ast\data\gtzan_wav\genres\jazz\jazz.00009.wav,jazz
D:\Important\TUKE\3\bc\ast\data\gtzan_wav\genres\disco\disco.00036.wav,disco
D:\Important\TUKE\3\bc\ast\data\gtzan_wav\genres\classical\classical.00034.wav,classical
D:\Important\TUKE\3\bc\ast\data\gtzan_wav\genres\pop\pop.00099.wav,pop
D:\Important\TUKE\3\bc\ast\data\gtzan_wav\genres\disco\disco.00078.wav,disco
D:\Important\TUKE\3\bc\ast\data\gtzan_wav\genres\country\country.00025.wav,country
D:\Important\TUKE\3\bc\ast\data\gtzan_wav\genres\blues\blues.00002.wav,blues
D:\Important\TUKE\3\bc\ast\data\gtzan_wav\genres\jazz\jazz.00043.wav,jazz
D:\Important\TUKE\3\bc\ast\data\gtzan_wav\genres\reggae\reggae.00016.wav,reggae
D:\Important\TUKE\3\bc\ast\data\gtzan_wav\genres\metal\metal.00004.wav,metal
D:\Important\TUKE\3\bc\ast\data\gtzan_wav\genres\rock\rock.00064.wav,rock
D:\Important\TUKE\3\bc\ast\data\gtzan_wav\genres\pop\pop.00081.wav,pop
D:\Important\TUKE\3\bc\ast\data\gtzan_wav\genres\hiphop\hiphop.00002.wav,hiphop
D:\Important\TUKE\3\bc\ast\data\gtzan_wav\genres\metal\metal.00038.wav,metal
D:\Important\TUKE\3\bc\ast\data\gtzan_wav\genres\country\country.00040.wav,country
D:\Important\TUKE\3\bc\ast\data\gtzan_wav\genres\blues\blues.00038.wav,blues
D:\Important\TUKE\3\bc\ast\data\gtzan_wav\genres\jazz\jazz.00050.wav,jazz
D:\Important\TUKE\3\bc\ast\data\gtzan_wav\genres\jazz\jazz.00026.wav,jazz
D:\Important\TUKE\3\bc\ast\data\gtzan_wav\genres\metal\metal.00052.wav,metal
D:\Important\TUKE\3\bc\ast\data\gtzan_wav\genres\reggae\reggae.00055.wav,reggae
D:\Important\TUKE\3\bc\ast\data\gtzan_wav\genres\blues\blues.00041.wav,blues
D:\Important\TUKE\3\bc\ast\data\gtzan_wav\genres\metal\metal.00083.wav,metal
D:\Important\TUKE\3\bc\ast\data\gtzan_wav\genres\jazz\jazz.00020.wav,jazz
D:\Important\TUKE\3\bc\ast\data\gtzan_wav\genres\classical\classical.00098.wav,classical
D:\Important\TUKE\3\bc\ast\data\gtzan_wav\genres\hiphop\hiphop.00036.wav,hiphop
D:\Important\TUKE\3\bc\ast\data\gtzan_wav\genres\disco\disco.00024.wav,disco
D:\Important\TUKE\3\bc\ast\data\gtzan_wav\genres\hiphop\hiphop.00077.wav,hiphop
D:\Important\TUKE\3\bc\ast\data\gtzan_wav\genres\classical\classical.00085.wav,classical
D:\Important\TUKE\3\bc\ast\data\gtzan_wav\genres\jazz\jazz.00060.wav,jazz
D:\Important\TUKE\3\bc\ast\data\gtzan_wav\genres\blues\blues.00052.wav,blues
D:\Important\TUKE\3\bc\ast\data\gtzan_wav\genres\pop\pop.00035.wav,pop
D:\Important\TUKE\3\bc\ast\data\gtzan_wav\genres\rock\rock.00038.wav,rock
